impact,timestamp
2,1560763800.0
2,1560763740.0
2,1560763680.0
2,1560763620.0
2,1560763560.0
2,1560763500.0
2,1560763440.0
2,1560763380.0
2,1560763320.0
2,1560763260.0
2,1560763200.0
2,1560763140.0
2,1560763080.0
2,1560763020.0
2,1560762960.0
2,1560762900.0
2,1560762840.0
2,1560762780.0
2,1560762720.0
2,1560762660.0
2,1560762600.0
2,1560762540.0
2,1560762480.0
2,1560762420.0
2,1560762360.0
2,1560762300.0
2,1560762240.0
2,1560762180.0
2,1560762120.0
2,1560762060.0
2,1560762000.0
2,1560761940.0
2,1560761880.0
2,1560761820.0
2,1560761760.0
2,1560761700.0
2,1560761640.0
2,1560761580.0
2,1560761520.0
2,1560761460.0
2,1560761400.0
2,1560761340.0
2,1560761280.0
2,1560761220.0
2,1560761160.0
2,1560761100.0
2,1560761040.0
2,1560760980.0
2,1560760920.0
2,1560760860.0
2,1560760800.0
2,1560760740.0
2,1560760680.0
2,1560760620.0
2,1560760560.0
2,1560760500.0
2,1560760440.0
2,1560760380.0
2,1560760320.0
2,1560760260.0
1,1560767400.0
1,1560767340.0
1,1560767280.0
1,1560767220.0
1,1560767160.0
1,1560767100.0
1,1560767040.0
1,1560766980.0
1,1560766920.0
1,1560766860.0
1,1560766800.0
1,1560766740.0
1,1560766680.0
1,1560766620.0
1,1560766560.0
1,1560766500.0
1,1560766440.0
1,1560766380.0
1,1560766320.0
1,1560766260.0
1,1560766200.0
1,1560766140.0
1,1560766080.0
1,1560766020.0
1,1560765960.0
1,1560765900.0
1,1560765840.0
1,1560765780.0
1,1560765720.0
1,1560765660.0
1,1560765600.0
1,1560765540.0
1,1560765480.0
1,1560765420.0
1,1560765360.0
1,1560765300.0
1,1560765240.0
1,1560765180.0
1,1560765120.0
1,1560765060.0
1,1560765000.0
1,1560764940.0
1,1560764880.0
1,1560764820.0
1,1560764760.0
1,1560764700.0
1,1560764640.0
1,1560764580.0
1,1560764520.0
1,1560764460.0
1,1560764400.0
1,1560764340.0
1,1560764280.0
1,1560764220.0
1,1560764160.0
1,1560764100.0
1,1560764040.0
1,1560763980.0
1,1560763920.0
1,1560763860.0
2,1560776400.0
2,1560776340.0
2,1560776280.0
2,1560776220.0
2,1560776160.0
2,1560776100.0
2,1560776040.0
2,1560775980.0
2,1560775920.0
2,1560775860.0
2,1560775800.0
2,1560775740.0
2,1560775680.0
2,1560775620.0
2,1560775560.0
2,1560775500.0
2,1560775440.0
2,1560775380.0
2,1560775320.0
2,1560775260.0
2,1560775200.0
2,1560775140.0
2,1560775080.0
2,1560775020.0
2,1560774960.0
2,1560774900.0
2,1560774840.0
2,1560774780.0
2,1560774720.0
2,1560774660.0
2,1560774600.0
2,1560774540.0
2,1560774480.0
2,1560774420.0
2,1560774360.0
2,1560774300.0
2,1560774240.0
2,1560774180.0
2,1560774120.0
2,1560774060.0
2,1560774000.0
2,1560773940.0
2,1560773880.0
2,1560773820.0
2,1560773760.0
2,1560773700.0
2,1560773640.0
2,1560773580.0
2,1560773520.0
2,1560773460.0
2,1560773400.0
2,1560773340.0
2,1560773280.0
2,1560773220.0
2,1560773160.0
2,1560773100.0
2,1560773040.0
2,1560772980.0
2,1560772920.0
2,1560772860.0
1,1560778200.0
1,1560778140.0
1,1560778080.0
1,1560778020.0
1,1560777960.0
1,1560777900.0
1,1560777840.0
1,1560777780.0
1,1560777720.0
1,1560777660.0
1,1560777600.0
1,1560777540.0
1,1560777480.0
1,1560777420.0
1,1560777360.0
1,1560777300.0
1,1560777240.0
1,1560777180.0
1,1560777120.0
1,1560777060.0
1,1560777000.0
1,1560776940.0
1,1560776880.0
1,1560776820.0
1,1560776760.0
1,1560776700.0
1,1560776640.0
1,1560776580.0
1,1560776520.0
1,1560776460.0
1,1560776400.0
1,1560776340.0
1,1560776280.0
1,1560776220.0
1,1560776160.0
1,1560776100.0
1,1560776040.0
1,1560775980.0
1,1560775920.0
1,1560775860.0
1,1560775800.0
1,1560775740.0
1,1560775680.0
1,1560775620.0
1,1560775560.0
1,1560775500.0
1,1560775440.0
1,1560775380.0
1,1560775320.0
1,1560775260.0
1,1560775200.0
1,1560775140.0
1,1560775080.0
1,1560775020.0
1,1560774960.0
1,1560774900.0
1,1560774840.0
1,1560774780.0
1,1560774720.0
1,1560774660.0
1,1560781800.0
1,1560781740.0
1,1560781680.0
1,1560781620.0
1,1560781560.0
1,1560781500.0
1,1560781440.0
1,1560781380.0
1,1560781320.0
1,1560781260.0
1,1560781200.0
1,1560781140.0
1,1560781080.0
1,1560781020.0
1,1560780960.0
1,1560780900.0
1,1560780840.0
1,1560780780.0
1,1560780720.0
1,1560780660.0
1,1560780600.0
1,1560780540.0
1,1560780480.0
1,1560780420.0
1,1560780360.0
1,1560780300.0
1,1560780240.0
1,1560780180.0
1,1560780120.0
1,1560780060.0
1,1560780000.0
1,1560779940.0
1,1560779880.0
1,1560779820.0
1,1560779760.0
1,1560779700.0
1,1560779640.0
1,1560779580.0
1,1560779520.0
1,1560779460.0
1,1560779400.0
1,1560779340.0
1,1560779280.0
1,1560779220.0
1,1560779160.0
1,1560779100.0
1,1560779040.0
1,1560778980.0
1,1560778920.0
1,1560778860.0
1,1560778800.0
1,1560778740.0
1,1560778680.0
1,1560778620.0
1,1560778560.0
1,1560778500.0
1,1560778440.0
1,1560778380.0
1,1560778320.0
1,1560778260.0
1,1560787200.0
1,1560787140.0
1,1560787080.0
1,1560787020.0
1,1560786960.0
1,1560786900.0
1,1560786840.0
1,1560786780.0
1,1560786720.0
1,1560786660.0
1,1560786600.0
1,1560786540.0
1,1560786480.0
1,1560786420.0
1,1560786360.0
1,1560786300.0
1,1560786240.0
1,1560786180.0
1,1560786120.0
1,1560786060.0
1,1560786000.0
1,1560785940.0
1,1560785880.0
1,1560785820.0
1,1560785760.0
1,1560785700.0
1,1560785640.0
1,1560785580.0
1,1560785520.0
1,1560785460.0
1,1560785400.0
1,1560785340.0
1,1560785280.0
1,1560785220.0
1,1560785160.0
1,1560785100.0
1,1560785040.0
1,1560784980.0
1,1560784920.0
1,1560784860.0
1,1560784800.0
1,1560784740.0
1,1560784680.0
1,1560784620.0
1,1560784560.0
1,1560784500.0
1,1560784440.0
1,1560784380.0
1,1560784320.0
1,1560784260.0
1,1560784200.0
1,1560784140.0
1,1560784080.0
1,1560784020.0
1,1560783960.0
1,1560783900.0
1,1560783840.0
1,1560783780.0
1,1560783720.0
1,1560783660.0
3,1560792600.0
3,1560792540.0
3,1560792480.0
3,1560792420.0
3,1560792360.0
3,1560792300.0
3,1560792240.0
3,1560792180.0
3,1560792120.0
3,1560792060.0
3,1560792000.0
3,1560791940.0
3,1560791880.0
3,1560791820.0
3,1560791760.0
3,1560791700.0
3,1560791640.0
3,1560791580.0
3,1560791520.0
3,1560791460.0
3,1560791400.0
3,1560791340.0
3,1560791280.0
3,1560791220.0
3,1560791160.0
3,1560791100.0
3,1560791040.0
3,1560790980.0
3,1560790920.0
3,1560790860.0
3,1560790800.0
3,1560790740.0
3,1560790680.0
3,1560790620.0
3,1560790560.0
3,1560790500.0
3,1560790440.0
3,1560790380.0
3,1560790320.0
3,1560790260.0
3,1560790200.0
3,1560790140.0
3,1560790080.0
3,1560790020.0
3,1560789960.0
3,1560789900.0
3,1560789840.0
3,1560789780.0
3,1560789720.0
3,1560789660.0
3,1560789600.0
3,1560789540.0
3,1560789480.0
3,1560789420.0
3,1560789360.0
3,1560789300.0
3,1560789240.0
3,1560789180.0
3,1560789120.0
3,1560789060.0
2,1560803400.0
2,1560803340.0
2,1560803280.0
2,1560803220.0
2,1560803160.0
2,1560803100.0
2,1560803040.0
2,1560802980.0
2,1560802920.0
2,1560802860.0
2,1560802800.0
2,1560802740.0
2,1560802680.0
2,1560802620.0
2,1560802560.0
2,1560802500.0
2,1560802440.0
2,1560802380.0
2,1560802320.0
2,1560802260.0
2,1560802200.0
2,1560802140.0
2,1560802080.0
2,1560802020.0
2,1560801960.0
2,1560801900.0
2,1560801840.0
2,1560801780.0
2,1560801720.0
2,1560801660.0
2,1560801600.0
2,1560801540.0
2,1560801480.0
2,1560801420.0
2,1560801360.0
2,1560801300.0
2,1560801240.0
2,1560801180.0
2,1560801120.0
2,1560801060.0
2,1560801000.0
2,1560800940.0
2,1560800880.0
2,1560800820.0
2,1560800760.0
2,1560800700.0
2,1560800640.0
2,1560800580.0
2,1560800520.0
2,1560800460.0
2,1560800400.0
2,1560800340.0
2,1560800280.0
2,1560800220.0
2,1560800160.0
2,1560800100.0
2,1560800040.0
2,1560799980.0
2,1560799920.0
2,1560799860.0
3,1560846600.0
3,1560846540.0
3,1560846480.0
3,1560846420.0
3,1560846360.0
3,1560846300.0
3,1560846240.0
3,1560846180.0
3,1560846120.0
3,1560846060.0
3,1560846000.0
3,1560845940.0
3,1560845880.0
3,1560845820.0
3,1560845760.0
3,1560845700.0
3,1560845640.0
3,1560845580.0
3,1560845520.0
3,1560845460.0
3,1560845400.0
3,1560845340.0
3,1560845280.0
3,1560845220.0
3,1560845160.0
3,1560845100.0
3,1560845040.0
3,1560844980.0
3,1560844920.0
3,1560844860.0
3,1560844800.0
3,1560844740.0
3,1560844680.0
3,1560844620.0
3,1560844560.0
3,1560844500.0
3,1560844440.0
3,1560844380.0
3,1560844320.0
3,1560844260.0
3,1560844200.0
3,1560844140.0
3,1560844080.0
3,1560844020.0
3,1560843960.0
3,1560843900.0
3,1560843840.0
3,1560843780.0
3,1560843720.0
3,1560843660.0
3,1560843600.0
3,1560843540.0
3,1560843480.0
3,1560843420.0
3,1560843360.0
3,1560843300.0
3,1560843240.0
3,1560843180.0
3,1560843120.0
3,1560843060.0
2,1560848400.0
2,1560848340.0
2,1560848280.0
2,1560848220.0
2,1560848160.0
2,1560848100.0
2,1560848040.0
2,1560847980.0
2,1560847920.0
2,1560847860.0
2,1560847800.0
2,1560847740.0
2,1560847680.0
2,1560847620.0
2,1560847560.0
2,1560847500.0
2,1560847440.0
2,1560847380.0
2,1560847320.0
2,1560847260.0
2,1560847200.0
2,1560847140.0
2,1560847080.0
2,1560847020.0
2,1560846960.0
2,1560846900.0
2,1560846840.0
2,1560846780.0
2,1560846720.0
2,1560846660.0
2,1560846600.0
2,1560846540.0
2,1560846480.0
2,1560846420.0
2,1560846360.0
2,1560846300.0
2,1560846240.0
2,1560846180.0
2,1560846120.0
2,1560846060.0
2,1560846000.0
2,1560845940.0
2,1560845880.0
2,1560845820.0
2,1560845760.0
2,1560845700.0
2,1560845640.0
2,1560845580.0
2,1560845520.0
2,1560845460.0
2,1560845400.0
2,1560845340.0
2,1560845280.0
2,1560845220.0
2,1560845160.0
2,1560845100.0
2,1560845040.0
2,1560844980.0
2,1560844920.0
2,1560844860.0
1,1560849000.0
1,1560848940.0
1,1560848880.0
1,1560848820.0
1,1560848760.0
1,1560848700.0
1,1560848640.0
1,1560848580.0
1,1560848520.0
1,1560848460.0
1,1560848400.0
1,1560848340.0
1,1560848280.0
1,1560848220.0
1,1560848160.0
1,1560848100.0
1,1560848040.0
1,1560847980.0
1,1560847920.0
1,1560847860.0
1,1560847800.0
1,1560847740.0
1,1560847680.0
1,1560847620.0
1,1560847560.0
1,1560847500.0
1,1560847440.0
1,1560847380.0
1,1560847320.0
1,1560847260.0
1,1560847200.0
1,1560847140.0
1,1560847080.0
1,1560847020.0
1,1560846960.0
1,1560846900.0
1,1560846840.0
1,1560846780.0
1,1560846720.0
1,1560846660.0
1,1560846600.0
1,1560846540.0
1,1560846480.0
1,1560846420.0
1,1560846360.0
1,1560846300.0
1,1560846240.0
1,1560846180.0
1,1560846120.0
1,1560846060.0
1,1560846000.0
1,1560845940.0
1,1560845880.0
1,1560845820.0
1,1560845760.0
1,1560845700.0
1,1560845640.0
1,1560845580.0
1,1560845520.0
1,1560845460.0
3,1560850200.0
3,1560850140.0
3,1560850080.0
3,1560850020.0
3,1560849960.0
3,1560849900.0
3,1560849840.0
3,1560849780.0
3,1560849720.0
3,1560849660.0
3,1560849600.0
3,1560849540.0
3,1560849480.0
3,1560849420.0
3,1560849360.0
3,1560849300.0
3,1560849240.0
3,1560849180.0
3,1560849120.0
3,1560849060.0
3,1560849000.0
3,1560848940.0
3,1560848880.0
3,1560848820.0
3,1560848760.0
3,1560848700.0
3,1560848640.0
3,1560848580.0
3,1560848520.0
3,1560848460.0
3,1560848400.0
3,1560848340.0
3,1560848280.0
3,1560848220.0
3,1560848160.0
3,1560848100.0
3,1560848040.0
3,1560847980.0
3,1560847920.0
3,1560847860.0
3,1560847800.0
3,1560847740.0
3,1560847680.0
3,1560847620.0
3,1560847560.0
3,1560847500.0
3,1560847440.0
3,1560847380.0
3,1560847320.0
3,1560847260.0
3,1560847200.0
3,1560847140.0
3,1560847080.0
3,1560847020.0
3,1560846960.0
3,1560846900.0
3,1560846840.0
3,1560846780.0
3,1560846720.0
3,1560846660.0
3,1560862800.0
3,1560862740.0
3,1560862680.0
3,1560862620.0
3,1560862560.0
3,1560862500.0
3,1560862440.0
3,1560862380.0
3,1560862320.0
3,1560862260.0
3,1560862200.0
3,1560862140.0
3,1560862080.0
3,1560862020.0
3,1560861960.0
3,1560861900.0
3,1560861840.0
3,1560861780.0
3,1560861720.0
3,1560861660.0
3,1560861600.0
3,1560861540.0
3,1560861480.0
3,1560861420.0
3,1560861360.0
3,1560861300.0
3,1560861240.0
3,1560861180.0
3,1560861120.0
3,1560861060.0
3,1560861000.0
3,1560860940.0
3,1560860880.0
3,1560860820.0
3,1560860760.0
3,1560860700.0
3,1560860640.0
3,1560860580.0
3,1560860520.0
3,1560860460.0
3,1560860400.0
3,1560860340.0
3,1560860280.0
3,1560860220.0
3,1560860160.0
3,1560860100.0
3,1560860040.0
3,1560859980.0
3,1560859920.0
3,1560859860.0
3,1560859800.0
3,1560859740.0
3,1560859680.0
3,1560859620.0
3,1560859560.0
3,1560859500.0
3,1560859440.0
3,1560859380.0
3,1560859320.0
3,1560859260.0
1,1560864300.0
1,1560864240.0
1,1560864180.0
1,1560864120.0
1,1560864060.0
1,1560864000.0
1,1560863940.0
1,1560863880.0
1,1560863820.0
1,1560863760.0
1,1560863700.0
1,1560863640.0
1,1560863580.0
1,1560863520.0
1,1560863460.0
1,1560863400.0
1,1560863340.0
1,1560863280.0
1,1560863220.0
1,1560863160.0
1,1560863100.0
1,1560863040.0
1,1560862980.0
1,1560862920.0
1,1560862860.0
1,1560862800.0
1,1560862740.0
1,1560862680.0
1,1560862620.0
1,1560862560.0
1,1560862500.0
1,1560862440.0
1,1560862380.0
1,1560862320.0
1,1560862260.0
1,1560862200.0
1,1560862140.0
1,1560862080.0
1,1560862020.0
1,1560861960.0
1,1560861900.0
1,1560861840.0
1,1560861780.0
1,1560861720.0
1,1560861660.0
1,1560861600.0
1,1560861540.0
1,1560861480.0
1,1560861420.0
1,1560861360.0
1,1560861300.0
1,1560861240.0
1,1560861180.0
1,1560861120.0
1,1560861060.0
1,1560861000.0
1,1560860940.0
1,1560860880.0
1,1560860820.0
1,1560860760.0
3,1560868200.0
3,1560868140.0
3,1560868080.0
3,1560868020.0
3,1560867960.0
3,1560867900.0
3,1560867840.0
3,1560867780.0
3,1560867720.0
3,1560867660.0
3,1560867600.0
3,1560867540.0
3,1560867480.0
3,1560867420.0
3,1560867360.0
3,1560867300.0
3,1560867240.0
3,1560867180.0
3,1560867120.0
3,1560867060.0
3,1560867000.0
3,1560866940.0
3,1560866880.0
3,1560866820.0
3,1560866760.0
3,1560866700.0
3,1560866640.0
3,1560866580.0
3,1560866520.0
3,1560866460.0
3,1560866400.0
3,1560866340.0
3,1560866280.0
3,1560866220.0
3,1560866160.0
3,1560866100.0
3,1560866040.0
3,1560865980.0
3,1560865920.0
3,1560865860.0
3,1560865800.0
3,1560865740.0
3,1560865680.0
3,1560865620.0
3,1560865560.0
3,1560865500.0
3,1560865440.0
3,1560865380.0
3,1560865320.0
3,1560865260.0
3,1560865200.0
3,1560865140.0
3,1560865080.0
3,1560865020.0
3,1560864960.0
3,1560864900.0
3,1560864840.0
3,1560864780.0
3,1560864720.0
3,1560864660.0
1,1560873600.0
1,1560873540.0
1,1560873480.0
1,1560873420.0
1,1560873360.0
1,1560873300.0
1,1560873240.0
1,1560873180.0
1,1560873120.0
1,1560873060.0
1,1560873000.0
1,1560872940.0
1,1560872880.0
1,1560872820.0
1,1560872760.0
1,1560872700.0
1,1560872640.0
1,1560872580.0
1,1560872520.0
1,1560872460.0
1,1560872400.0
1,1560872340.0
1,1560872280.0
1,1560872220.0
1,1560872160.0
1,1560872100.0
1,1560872040.0
1,1560871980.0
1,1560871920.0
1,1560871860.0
1,1560871800.0
1,1560871740.0
1,1560871680.0
1,1560871620.0
1,1560871560.0
1,1560871500.0
1,1560871440.0
1,1560871380.0
1,1560871320.0
1,1560871260.0
1,1560871200.0
1,1560871140.0
1,1560871080.0
1,1560871020.0
1,1560870960.0
1,1560870900.0
1,1560870840.0
1,1560870780.0
1,1560870720.0
1,1560870660.0
1,1560870600.0
1,1560870540.0
1,1560870480.0
1,1560870420.0
1,1560870360.0
1,1560870300.0
1,1560870240.0
1,1560870180.0
1,1560870120.0
1,1560870060.0
2,1560891600.0
2,1560891540.0
2,1560891480.0
2,1560891420.0
2,1560891360.0
2,1560891300.0
2,1560891240.0
2,1560891180.0
2,1560891120.0
2,1560891060.0
2,1560891000.0
2,1560890940.0
2,1560890880.0
2,1560890820.0
2,1560890760.0
2,1560890700.0
2,1560890640.0
2,1560890580.0
2,1560890520.0
2,1560890460.0
2,1560890400.0
2,1560890340.0
2,1560890280.0
2,1560890220.0
2,1560890160.0
2,1560890100.0
2,1560890040.0
2,1560889980.0
2,1560889920.0
2,1560889860.0
2,1560889800.0
2,1560889740.0
2,1560889680.0
2,1560889620.0
2,1560889560.0
2,1560889500.0
2,1560889440.0
2,1560889380.0
2,1560889320.0
2,1560889260.0
2,1560889200.0
2,1560889140.0
2,1560889080.0
2,1560889020.0
2,1560888960.0
2,1560888900.0
2,1560888840.0
2,1560888780.0
2,1560888720.0
2,1560888660.0
2,1560888600.0
2,1560888540.0
2,1560888480.0
2,1560888420.0
2,1560888360.0
2,1560888300.0
2,1560888240.0
2,1560888180.0
2,1560888120.0
2,1560888060.0
2,1560925800.0
2,1560925740.0
2,1560925680.0
2,1560925620.0
2,1560925560.0
2,1560925500.0
2,1560925440.0
2,1560925380.0
2,1560925320.0
2,1560925260.0
2,1560925200.0
2,1560925140.0
2,1560925080.0
2,1560925020.0
2,1560924960.0
2,1560924900.0
2,1560924840.0
2,1560924780.0
2,1560924720.0
2,1560924660.0
2,1560924600.0
2,1560924540.0
2,1560924480.0
2,1560924420.0
2,1560924360.0
2,1560924300.0
2,1560924240.0
2,1560924180.0
2,1560924120.0
2,1560924060.0
2,1560924000.0
2,1560923940.0
2,1560923880.0
2,1560923820.0
2,1560923760.0
2,1560923700.0
2,1560923640.0
2,1560923580.0
2,1560923520.0
2,1560923460.0
2,1560923400.0
2,1560923340.0
2,1560923280.0
2,1560923220.0
2,1560923160.0
2,1560923100.0
2,1560923040.0
2,1560922980.0
2,1560922920.0
2,1560922860.0
2,1560922800.0
2,1560922740.0
2,1560922680.0
2,1560922620.0
2,1560922560.0
2,1560922500.0
2,1560922440.0
2,1560922380.0
2,1560922320.0
2,1560922260.0
1,1560933000.0
1,1560932940.0
1,1560932880.0
1,1560932820.0
1,1560932760.0
1,1560932700.0
1,1560932640.0
1,1560932580.0
1,1560932520.0
1,1560932460.0
1,1560932400.0
1,1560932340.0
1,1560932280.0
1,1560932220.0
1,1560932160.0
1,1560932100.0
1,1560932040.0
1,1560931980.0
1,1560931920.0
1,1560931860.0
1,1560931800.0
1,1560931740.0
1,1560931680.0
1,1560931620.0
1,1560931560.0
1,1560931500.0
1,1560931440.0
1,1560931380.0
1,1560931320.0
1,1560931260.0
1,1560931200.0
1,1560931140.0
1,1560931080.0
1,1560931020.0
1,1560930960.0
1,1560930900.0
1,1560930840.0
1,1560930780.0
1,1560930720.0
1,1560930660.0
1,1560930600.0
1,1560930540.0
1,1560930480.0
1,1560930420.0
1,1560930360.0
1,1560930300.0
1,1560930240.0
1,1560930180.0
1,1560930120.0
1,1560930060.0
1,1560930000.0
1,1560929940.0
1,1560929880.0
1,1560929820.0
1,1560929760.0
1,1560929700.0
1,1560929640.0
1,1560929580.0
1,1560929520.0
1,1560929460.0
1,1560939000.0
1,1560938940.0
1,1560938880.0
1,1560938820.0
1,1560938760.0
1,1560938700.0
1,1560938640.0
1,1560938580.0
1,1560938520.0
1,1560938460.0
1,1560938400.0
1,1560938340.0
1,1560938280.0
1,1560938220.0
1,1560938160.0
1,1560938100.0
1,1560938040.0
1,1560937980.0
1,1560937920.0
1,1560937860.0
1,1560937800.0
1,1560937740.0
1,1560937680.0
1,1560937620.0
1,1560937560.0
1,1560937500.0
1,1560937440.0
1,1560937380.0
1,1560937320.0
1,1560937260.0
1,1560937200.0
1,1560937140.0
1,1560937080.0
1,1560937020.0
1,1560936960.0
1,1560936900.0
1,1560936840.0
1,1560936780.0
1,1560936720.0
1,1560936660.0
1,1560936600.0
1,1560936540.0
1,1560936480.0
1,1560936420.0
1,1560936360.0
1,1560936300.0
1,1560936240.0
1,1560936180.0
1,1560936120.0
1,1560936060.0
1,1560936000.0
1,1560935940.0
1,1560935880.0
1,1560935820.0
1,1560935760.0
1,1560935700.0
1,1560935640.0
1,1560935580.0
1,1560935520.0
1,1560935460.0
1,1560943800.0
1,1560943740.0
1,1560943680.0
1,1560943620.0
1,1560943560.0
1,1560943500.0
1,1560943440.0
1,1560943380.0
1,1560943320.0
1,1560943260.0
1,1560943200.0
1,1560943140.0
1,1560943080.0
1,1560943020.0
1,1560942960.0
1,1560942900.0
1,1560942840.0
1,1560942780.0
1,1560942720.0
1,1560942660.0
1,1560942600.0
1,1560942540.0
1,1560942480.0
1,1560942420.0
1,1560942360.0
1,1560942300.0
1,1560942240.0
1,1560942180.0
1,1560942120.0
1,1560942060.0
1,1560942000.0
1,1560941940.0
1,1560941880.0
1,1560941820.0
1,1560941760.0
1,1560941700.0
1,1560941640.0
1,1560941580.0
1,1560941520.0
1,1560941460.0
1,1560941400.0
1,1560941340.0
1,1560941280.0
1,1560941220.0
1,1560941160.0
1,1560941100.0
1,1560941040.0
1,1560940980.0
1,1560940920.0
1,1560940860.0
1,1560940800.0
1,1560940740.0
1,1560940680.0
1,1560940620.0
1,1560940560.0
1,1560940500.0
1,1560940440.0
1,1560940380.0
1,1560940320.0
1,1560940260.0
2,1560949200.0
2,1560949140.0
2,1560949080.0
2,1560949020.0
2,1560948960.0
2,1560948900.0
2,1560948840.0
2,1560948780.0
2,1560948720.0
2,1560948660.0
2,1560948600.0
2,1560948540.0
2,1560948480.0
2,1560948420.0
2,1560948360.0
2,1560948300.0
2,1560948240.0
2,1560948180.0
2,1560948120.0
2,1560948060.0
2,1560948000.0
2,1560947940.0
2,1560947880.0
2,1560947820.0
2,1560947760.0
2,1560947700.0
2,1560947640.0
2,1560947580.0
2,1560947520.0
2,1560947460.0
2,1560947400.0
2,1560947340.0
2,1560947280.0
2,1560947220.0
2,1560947160.0
2,1560947100.0
2,1560947040.0
2,1560946980.0
2,1560946920.0
2,1560946860.0
2,1560946800.0
2,1560946740.0
2,1560946680.0
2,1560946620.0
2,1560946560.0
2,1560946500.0
2,1560946440.0
2,1560946380.0
2,1560946320.0
2,1560946260.0
2,1560946200.0
2,1560946140.0
2,1560946080.0
2,1560946020.0
2,1560945960.0
2,1560945900.0
2,1560945840.0
2,1560945780.0
2,1560945720.0
2,1560945660.0
3,1560954600.0
3,1560954540.0
3,1560954480.0
3,1560954420.0
3,1560954360.0
3,1560954300.0
3,1560954240.0
3,1560954180.0
3,1560954120.0
3,1560954060.0
3,1560954000.0
3,1560953940.0
3,1560953880.0
3,1560953820.0
3,1560953760.0
3,1560953700.0
3,1560953640.0
3,1560953580.0
3,1560953520.0
3,1560953460.0
3,1560953400.0
3,1560953340.0
3,1560953280.0
3,1560953220.0
3,1560953160.0
3,1560953100.0
3,1560953040.0
3,1560952980.0
3,1560952920.0
3,1560952860.0
3,1560952800.0
3,1560952740.0
3,1560952680.0
3,1560952620.0
3,1560952560.0
3,1560952500.0
3,1560952440.0
3,1560952380.0
3,1560952320.0
3,1560952260.0
3,1560952200.0
3,1560952140.0
3,1560952080.0
3,1560952020.0
3,1560951960.0
3,1560951900.0
3,1560951840.0
3,1560951780.0
3,1560951720.0
3,1560951660.0
3,1560951600.0
3,1560951540.0
3,1560951480.0
3,1560951420.0
3,1560951360.0
3,1560951300.0
3,1560951240.0
3,1560951180.0
3,1560951120.0
3,1560951060.0
3,1560956400.0
3,1560956340.0
3,1560956280.0
3,1560956220.0
3,1560956160.0
3,1560956100.0
3,1560956040.0
3,1560955980.0
3,1560955920.0
3,1560955860.0
3,1560955800.0
3,1560955740.0
3,1560955680.0
3,1560955620.0
3,1560955560.0
3,1560955500.0
3,1560955440.0
3,1560955380.0
3,1560955320.0
3,1560955260.0
3,1560955200.0
3,1560955140.0
3,1560955080.0
3,1560955020.0
3,1560954960.0
3,1560954900.0
3,1560954840.0
3,1560954780.0
3,1560954720.0
3,1560954660.0
3,1560954600.0
3,1560954540.0
3,1560954480.0
3,1560954420.0
3,1560954360.0
3,1560954300.0
3,1560954240.0
3,1560954180.0
3,1560954120.0
3,1560954060.0
3,1560954000.0
3,1560953940.0
3,1560953880.0
3,1560953820.0
3,1560953760.0
3,1560953700.0
3,1560953640.0
3,1560953580.0
3,1560953520.0
3,1560953460.0
3,1560953400.0
3,1560953340.0
3,1560953280.0
3,1560953220.0
3,1560953160.0
3,1560953100.0
3,1560953040.0
3,1560952980.0
3,1560952920.0
3,1560952860.0
3,1560969000.0
3,1560968940.0
3,1560968880.0
3,1560968820.0
3,1560968760.0
3,1560968700.0
3,1560968640.0
3,1560968580.0
3,1560968520.0
3,1560968460.0
3,1560968400.0
3,1560968340.0
3,1560968280.0
3,1560968220.0
3,1560968160.0
3,1560968100.0
3,1560968040.0
3,1560967980.0
3,1560967920.0
3,1560967860.0
3,1560967800.0
3,1560967740.0
3,1560967680.0
3,1560967620.0
3,1560967560.0
3,1560967500.0
3,1560967440.0
3,1560967380.0
3,1560967320.0
3,1560967260.0
3,1560967200.0
3,1560967140.0
3,1560967080.0
3,1560967020.0
3,1560966960.0
3,1560966900.0
3,1560966840.0
3,1560966780.0
3,1560966720.0
3,1560966660.0
3,1560966600.0
3,1560966540.0
3,1560966480.0
3,1560966420.0
3,1560966360.0
3,1560966300.0
3,1560966240.0
3,1560966180.0
3,1560966120.0
3,1560966060.0
3,1560966000.0
3,1560965940.0
3,1560965880.0
3,1560965820.0
3,1560965760.0
3,1560965700.0
3,1560965640.0
3,1560965580.0
3,1560965520.0
3,1560965460.0
3,1560970800.0
3,1560970740.0
3,1560970680.0
3,1560970620.0
3,1560970560.0
3,1560970500.0
3,1560970440.0
3,1560970380.0
3,1560970320.0
3,1560970260.0
3,1560970200.0
3,1560970140.0
3,1560970080.0
3,1560970020.0
3,1560969960.0
3,1560969900.0
3,1560969840.0
3,1560969780.0
3,1560969720.0
3,1560969660.0
3,1560969600.0
3,1560969540.0
3,1560969480.0
3,1560969420.0
3,1560969360.0
3,1560969300.0
3,1560969240.0
3,1560969180.0
3,1560969120.0
3,1560969060.0
3,1560969000.0
3,1560968940.0
3,1560968880.0
3,1560968820.0
3,1560968760.0
3,1560968700.0
3,1560968640.0
3,1560968580.0
3,1560968520.0
3,1560968460.0
3,1560968400.0
3,1560968340.0
3,1560968280.0
3,1560968220.0
3,1560968160.0
3,1560968100.0
3,1560968040.0
3,1560967980.0
3,1560967920.0
3,1560967860.0
3,1560967800.0
3,1560967740.0
3,1560967680.0
3,1560967620.0
3,1560967560.0
3,1560967500.0
3,1560967440.0
3,1560967380.0
3,1560967320.0
3,1560967260.0
2,1561017600.0
2,1561017540.0
2,1561017480.0
2,1561017420.0
2,1561017360.0
2,1561017300.0
2,1561017240.0
2,1561017180.0
2,1561017120.0
2,1561017060.0
2,1561017000.0
2,1561016940.0
2,1561016880.0
2,1561016820.0
2,1561016760.0
2,1561016700.0
2,1561016640.0
2,1561016580.0
2,1561016520.0
2,1561016460.0
2,1561016400.0
2,1561016340.0
2,1561016280.0
2,1561016220.0
2,1561016160.0
2,1561016100.0
2,1561016040.0
2,1561015980.0
2,1561015920.0
2,1561015860.0
2,1561015800.0
2,1561015740.0
2,1561015680.0
2,1561015620.0
2,1561015560.0
2,1561015500.0
2,1561015440.0
2,1561015380.0
2,1561015320.0
2,1561015260.0
2,1561015200.0
2,1561015140.0
2,1561015080.0
2,1561015020.0
2,1561014960.0
2,1561014900.0
2,1561014840.0
2,1561014780.0
2,1561014720.0
2,1561014660.0
2,1561014600.0
2,1561014540.0
2,1561014480.0
2,1561014420.0
2,1561014360.0
2,1561014300.0
2,1561014240.0
2,1561014180.0
2,1561014120.0
2,1561014060.0
2,1561019400.0
2,1561019340.0
2,1561019280.0
2,1561019220.0
2,1561019160.0
2,1561019100.0
2,1561019040.0
2,1561018980.0
2,1561018920.0
2,1561018860.0
2,1561018800.0
2,1561018740.0
2,1561018680.0
2,1561018620.0
2,1561018560.0
2,1561018500.0
2,1561018440.0
2,1561018380.0
2,1561018320.0
2,1561018260.0
2,1561018200.0
2,1561018140.0
2,1561018080.0
2,1561018020.0
2,1561017960.0
2,1561017900.0
2,1561017840.0
2,1561017780.0
2,1561017720.0
2,1561017660.0
2,1561017600.0
2,1561017540.0
2,1561017480.0
2,1561017420.0
2,1561017360.0
2,1561017300.0
2,1561017240.0
2,1561017180.0
2,1561017120.0
2,1561017060.0
2,1561017000.0
2,1561016940.0
2,1561016880.0
2,1561016820.0
2,1561016760.0
2,1561016700.0
2,1561016640.0
2,1561016580.0
2,1561016520.0
2,1561016460.0
2,1561016400.0
2,1561016340.0
2,1561016280.0
2,1561016220.0
2,1561016160.0
2,1561016100.0
2,1561016040.0
2,1561015980.0
2,1561015920.0
2,1561015860.0
1,1561023000.0
1,1561022940.0
1,1561022880.0
1,1561022820.0
1,1561022760.0
1,1561022700.0
1,1561022640.0
1,1561022580.0
1,1561022520.0
1,1561022460.0
1,1561022400.0
1,1561022340.0
1,1561022280.0
1,1561022220.0
1,1561022160.0
1,1561022100.0
1,1561022040.0
1,1561021980.0
1,1561021920.0
1,1561021860.0
1,1561021800.0
1,1561021740.0
1,1561021680.0
1,1561021620.0
1,1561021560.0
1,1561021500.0
1,1561021440.0
1,1561021380.0
1,1561021320.0
1,1561021260.0
1,1561021200.0
1,1561021140.0
1,1561021080.0
1,1561021020.0
1,1561020960.0
1,1561020900.0
1,1561020840.0
1,1561020780.0
1,1561020720.0
1,1561020660.0
1,1561020600.0
1,1561020540.0
1,1561020480.0
1,1561020420.0
1,1561020360.0
1,1561020300.0
1,1561020240.0
1,1561020180.0
1,1561020120.0
1,1561020060.0
1,1561020000.0
1,1561019940.0
1,1561019880.0
1,1561019820.0
1,1561019760.0
1,1561019700.0
1,1561019640.0
1,1561019580.0
1,1561019520.0
1,1561019460.0
1,1561024800.0
1,1561024740.0
1,1561024680.0
1,1561024620.0
1,1561024560.0
1,1561024500.0
1,1561024440.0
1,1561024380.0
1,1561024320.0
1,1561024260.0
1,1561024200.0
1,1561024140.0
1,1561024080.0
1,1561024020.0
1,1561023960.0
1,1561023900.0
1,1561023840.0
1,1561023780.0
1,1561023720.0
1,1561023660.0
1,1561023600.0
1,1561023540.0
1,1561023480.0
1,1561023420.0
1,1561023360.0
1,1561023300.0
1,1561023240.0
1,1561023180.0
1,1561023120.0
1,1561023060.0
1,1561023000.0
1,1561022940.0
1,1561022880.0
1,1561022820.0
1,1561022760.0
1,1561022700.0
1,1561022640.0
1,1561022580.0
1,1561022520.0
1,1561022460.0
1,1561022400.0
1,1561022340.0
1,1561022280.0
1,1561022220.0
1,1561022160.0
1,1561022100.0
1,1561022040.0
1,1561021980.0
1,1561021920.0
1,1561021860.0
1,1561021800.0
1,1561021740.0
1,1561021680.0
1,1561021620.0
1,1561021560.0
1,1561021500.0
1,1561021440.0
1,1561021380.0
1,1561021320.0
1,1561021260.0
3,1561035600.0
3,1561035540.0
3,1561035480.0
3,1561035420.0
3,1561035360.0
3,1561035300.0
3,1561035240.0
3,1561035180.0
3,1561035120.0
3,1561035060.0
3,1561035000.0
3,1561034940.0
3,1561034880.0
3,1561034820.0
3,1561034760.0
3,1561034700.0
3,1561034640.0
3,1561034580.0
3,1561034520.0
3,1561034460.0
3,1561034400.0
3,1561034340.0
3,1561034280.0
3,1561034220.0
3,1561034160.0
3,1561034100.0
3,1561034040.0
3,1561033980.0
3,1561033920.0
3,1561033860.0
3,1561033800.0
3,1561033740.0
3,1561033680.0
3,1561033620.0
3,1561033560.0
3,1561033500.0
3,1561033440.0
3,1561033380.0
3,1561033320.0
3,1561033260.0
3,1561033200.0
3,1561033140.0
3,1561033080.0
3,1561033020.0
3,1561032960.0
3,1561032900.0
3,1561032840.0
3,1561032780.0
3,1561032720.0
3,1561032660.0
3,1561032600.0
3,1561032540.0
3,1561032480.0
3,1561032420.0
3,1561032360.0
3,1561032300.0
3,1561032240.0
3,1561032180.0
3,1561032120.0
3,1561032060.0
1,1561041000.0
1,1561040940.0
1,1561040880.0
1,1561040820.0
1,1561040760.0
1,1561040700.0
1,1561040640.0
1,1561040580.0
1,1561040520.0
1,1561040460.0
1,1561040400.0
1,1561040340.0
1,1561040280.0
1,1561040220.0
1,1561040160.0
1,1561040100.0
1,1561040040.0
1,1561039980.0
1,1561039920.0
1,1561039860.0
1,1561039800.0
1,1561039740.0
1,1561039680.0
1,1561039620.0
1,1561039560.0
1,1561039500.0
1,1561039440.0
1,1561039380.0
1,1561039320.0
1,1561039260.0
1,1561039200.0
1,1561039140.0
1,1561039080.0
1,1561039020.0
1,1561038960.0
1,1561038900.0
1,1561038840.0
1,1561038780.0
1,1561038720.0
1,1561038660.0
1,1561038600.0
1,1561038540.0
1,1561038480.0
1,1561038420.0
1,1561038360.0
1,1561038300.0
1,1561038240.0
1,1561038180.0
1,1561038120.0
1,1561038060.0
1,1561038000.0
1,1561037940.0
1,1561037880.0
1,1561037820.0
1,1561037760.0
1,1561037700.0
1,1561037640.0
1,1561037580.0
1,1561037520.0
1,1561037460.0
1,1561042800.0
1,1561042740.0
1,1561042680.0
1,1561042620.0
1,1561042560.0
1,1561042500.0
1,1561042440.0
1,1561042380.0
1,1561042320.0
1,1561042260.0
1,1561042200.0
1,1561042140.0
1,1561042080.0
1,1561042020.0
1,1561041960.0
1,1561041900.0
1,1561041840.0
1,1561041780.0
1,1561041720.0
1,1561041660.0
1,1561041600.0
1,1561041540.0
1,1561041480.0
1,1561041420.0
1,1561041360.0
1,1561041300.0
1,1561041240.0
1,1561041180.0
1,1561041120.0
1,1561041060.0
1,1561041000.0
1,1561040940.0
1,1561040880.0
1,1561040820.0
1,1561040760.0
1,1561040700.0
1,1561040640.0
1,1561040580.0
1,1561040520.0
1,1561040460.0
1,1561040400.0
1,1561040340.0
1,1561040280.0
1,1561040220.0
1,1561040160.0
1,1561040100.0
1,1561040040.0
1,1561039980.0
1,1561039920.0
1,1561039860.0
1,1561039800.0
1,1561039740.0
1,1561039680.0
1,1561039620.0
1,1561039560.0
1,1561039500.0
1,1561039440.0
1,1561039380.0
1,1561039320.0
1,1561039260.0
1,1561046400.0
1,1561046340.0
1,1561046280.0
1,1561046220.0
1,1561046160.0
1,1561046100.0
1,1561046040.0
1,1561045980.0
1,1561045920.0
1,1561045860.0
1,1561045800.0
1,1561045740.0
1,1561045680.0
1,1561045620.0
1,1561045560.0
1,1561045500.0
1,1561045440.0
1,1561045380.0
1,1561045320.0
1,1561045260.0
1,1561045200.0
1,1561045140.0
1,1561045080.0
1,1561045020.0
1,1561044960.0
1,1561044900.0
1,1561044840.0
1,1561044780.0
1,1561044720.0
1,1561044660.0
1,1561044600.0
1,1561044540.0
1,1561044480.0
1,1561044420.0
1,1561044360.0
1,1561044300.0
1,1561044240.0
1,1561044180.0
1,1561044120.0
1,1561044060.0
1,1561044000.0
1,1561043940.0
1,1561043880.0
1,1561043820.0
1,1561043760.0
1,1561043700.0
1,1561043640.0
1,1561043580.0
1,1561043520.0
1,1561043460.0
1,1561043400.0
1,1561043340.0
1,1561043280.0
1,1561043220.0
1,1561043160.0
1,1561043100.0
1,1561043040.0
1,1561042980.0
1,1561042920.0
1,1561042860.0
1,1561051800.0
1,1561051740.0
1,1561051680.0
1,1561051620.0
1,1561051560.0
1,1561051500.0
1,1561051440.0
1,1561051380.0
1,1561051320.0
1,1561051260.0
1,1561051200.0
1,1561051140.0
1,1561051080.0
1,1561051020.0
1,1561050960.0
1,1561050900.0
1,1561050840.0
1,1561050780.0
1,1561050720.0
1,1561050660.0
1,1561050600.0
1,1561050540.0
1,1561050480.0
1,1561050420.0
1,1561050360.0
1,1561050300.0
1,1561050240.0
1,1561050180.0
1,1561050120.0
1,1561050060.0
1,1561050000.0
1,1561049940.0
1,1561049880.0
1,1561049820.0
1,1561049760.0
1,1561049700.0
1,1561049640.0
1,1561049580.0
1,1561049520.0
1,1561049460.0
1,1561049400.0
1,1561049340.0
1,1561049280.0
1,1561049220.0
1,1561049160.0
1,1561049100.0
1,1561049040.0
1,1561048980.0
1,1561048920.0
1,1561048860.0
1,1561048800.0
1,1561048740.0
1,1561048680.0
1,1561048620.0
1,1561048560.0
1,1561048500.0
1,1561048440.0
1,1561048380.0
1,1561048320.0
1,1561048260.0
2,1561103100.0
2,1561103040.0
2,1561102980.0
2,1561102920.0
2,1561102860.0
2,1561102800.0
2,1561102740.0
2,1561102680.0
2,1561102620.0
2,1561102560.0
2,1561102500.0
2,1561102440.0
2,1561102380.0
2,1561102320.0
2,1561102260.0
2,1561102200.0
2,1561102140.0
2,1561102080.0
2,1561102020.0
2,1561101960.0
2,1561101900.0
2,1561101840.0
2,1561101780.0
2,1561101720.0
2,1561101660.0
2,1561101600.0
2,1561101540.0
2,1561101480.0
2,1561101420.0
2,1561101360.0
2,1561101300.0
2,1561101240.0
2,1561101180.0
2,1561101120.0
2,1561101060.0
2,1561101000.0
2,1561100940.0
2,1561100880.0
2,1561100820.0
2,1561100760.0
2,1561100700.0
2,1561100640.0
2,1561100580.0
2,1561100520.0
2,1561100460.0
2,1561100400.0
2,1561100340.0
2,1561100280.0
2,1561100220.0
2,1561100160.0
2,1561100100.0
2,1561100040.0
2,1561099980.0
2,1561099920.0
2,1561099860.0
2,1561099800.0
2,1561099740.0
2,1561099680.0
2,1561099620.0
2,1561099560.0
3,1561104000.0
3,1561103940.0
3,1561103880.0
3,1561103820.0
3,1561103760.0
3,1561103700.0
3,1561103640.0
3,1561103580.0
3,1561103520.0
3,1561103460.0
3,1561103400.0
3,1561103340.0
3,1561103280.0
3,1561103220.0
3,1561103160.0
3,1561103100.0
3,1561103040.0
3,1561102980.0
3,1561102920.0
3,1561102860.0
3,1561102800.0
3,1561102740.0
3,1561102680.0
3,1561102620.0
3,1561102560.0
3,1561102500.0
3,1561102440.0
3,1561102380.0
3,1561102320.0
3,1561102260.0
3,1561102200.0
3,1561102140.0
3,1561102080.0
3,1561102020.0
3,1561101960.0
3,1561101900.0
3,1561101840.0
3,1561101780.0
3,1561101720.0
3,1561101660.0
3,1561101600.0
3,1561101540.0
3,1561101480.0
3,1561101420.0
3,1561101360.0
3,1561101300.0
3,1561101240.0
3,1561101180.0
3,1561101120.0
3,1561101060.0
3,1561101000.0
3,1561100940.0
3,1561100880.0
3,1561100820.0
3,1561100760.0
3,1561100700.0
3,1561100640.0
3,1561100580.0
3,1561100520.0
3,1561100460.0
2,1561105800.0
2,1561105740.0
2,1561105680.0
2,1561105620.0
2,1561105560.0
2,1561105500.0
2,1561105440.0
2,1561105380.0
2,1561105320.0
2,1561105260.0
2,1561105200.0
2,1561105140.0
2,1561105080.0
2,1561105020.0
2,1561104960.0
2,1561104900.0
2,1561104840.0
2,1561104780.0
2,1561104720.0
2,1561104660.0
2,1561104600.0
2,1561104540.0
2,1561104480.0
2,1561104420.0
2,1561104360.0
2,1561104300.0
2,1561104240.0
2,1561104180.0
2,1561104120.0
2,1561104060.0
2,1561104000.0
2,1561103940.0
2,1561103880.0
2,1561103820.0
2,1561103760.0
2,1561103700.0
2,1561103640.0
2,1561103580.0
2,1561103520.0
2,1561103460.0
2,1561103400.0
2,1561103340.0
2,1561103280.0
2,1561103220.0
2,1561103160.0
2,1561103100.0
2,1561103040.0
2,1561102980.0
2,1561102920.0
2,1561102860.0
2,1561102800.0
2,1561102740.0
2,1561102680.0
2,1561102620.0
2,1561102560.0
2,1561102500.0
2,1561102440.0
2,1561102380.0
2,1561102320.0
2,1561102260.0
2,1561113000.0
2,1561112940.0
2,1561112880.0
2,1561112820.0
2,1561112760.0
2,1561112700.0
2,1561112640.0
2,1561112580.0
2,1561112520.0
2,1561112460.0
2,1561112400.0
2,1561112340.0
2,1561112280.0
2,1561112220.0
2,1561112160.0
2,1561112100.0
2,1561112040.0
2,1561111980.0
2,1561111920.0
2,1561111860.0
2,1561111800.0
2,1561111740.0
2,1561111680.0
2,1561111620.0
2,1561111560.0
2,1561111500.0
2,1561111440.0
2,1561111380.0
2,1561111320.0
2,1561111260.0
2,1561111200.0
2,1561111140.0
2,1561111080.0
2,1561111020.0
2,1561110960.0
2,1561110900.0
2,1561110840.0
2,1561110780.0
2,1561110720.0
2,1561110660.0
2,1561110600.0
2,1561110540.0
2,1561110480.0
2,1561110420.0
2,1561110360.0
2,1561110300.0
2,1561110240.0
2,1561110180.0
2,1561110120.0
2,1561110060.0
2,1561110000.0
2,1561109940.0
2,1561109880.0
2,1561109820.0
2,1561109760.0
2,1561109700.0
2,1561109640.0
2,1561109580.0
2,1561109520.0
2,1561109460.0
2,1561126500.0
2,1561126440.0
2,1561126380.0
2,1561126320.0
2,1561126260.0
2,1561126200.0
2,1561126140.0
2,1561126080.0
2,1561126020.0
2,1561125960.0
2,1561125900.0
2,1561125840.0
2,1561125780.0
2,1561125720.0
2,1561125660.0
2,1561125600.0
2,1561125540.0
2,1561125480.0
2,1561125420.0
2,1561125360.0
2,1561125300.0
2,1561125240.0
2,1561125180.0
2,1561125120.0
2,1561125060.0
2,1561125000.0
2,1561124940.0
2,1561124880.0
2,1561124820.0
2,1561124760.0
2,1561124700.0
2,1561124640.0
2,1561124580.0
2,1561124520.0
2,1561124460.0
2,1561124400.0
2,1561124340.0
2,1561124280.0
2,1561124220.0
2,1561124160.0
2,1561124100.0
2,1561124040.0
2,1561123980.0
2,1561123920.0
2,1561123860.0
2,1561123800.0
2,1561123740.0
2,1561123680.0
2,1561123620.0
2,1561123560.0
2,1561123500.0
2,1561123440.0
2,1561123380.0
2,1561123320.0
2,1561123260.0
2,1561123200.0
2,1561123140.0
2,1561123080.0
2,1561123020.0
2,1561122960.0
3,1561127400.0
3,1561127340.0
3,1561127280.0
3,1561127220.0
3,1561127160.0
3,1561127100.0
3,1561127040.0
3,1561126980.0
3,1561126920.0
3,1561126860.0
3,1561126800.0
3,1561126740.0
3,1561126680.0
3,1561126620.0
3,1561126560.0
3,1561126500.0
3,1561126440.0
3,1561126380.0
3,1561126320.0
3,1561126260.0
3,1561126200.0
3,1561126140.0
3,1561126080.0
3,1561126020.0
3,1561125960.0
3,1561125900.0
3,1561125840.0
3,1561125780.0
3,1561125720.0
3,1561125660.0
3,1561125600.0
3,1561125540.0
3,1561125480.0
3,1561125420.0
3,1561125360.0
3,1561125300.0
3,1561125240.0
3,1561125180.0
3,1561125120.0
3,1561125060.0
3,1561125000.0
3,1561124940.0
3,1561124880.0
3,1561124820.0
3,1561124760.0
3,1561124700.0
3,1561124640.0
3,1561124580.0
3,1561124520.0
3,1561124460.0
3,1561124400.0
3,1561124340.0
3,1561124280.0
3,1561124220.0
3,1561124160.0
3,1561124100.0
3,1561124040.0
3,1561123980.0
3,1561123920.0
3,1561123860.0
2,1561134600.0
2,1561134540.0
2,1561134480.0
2,1561134420.0
2,1561134360.0
2,1561134300.0
2,1561134240.0
2,1561134180.0
2,1561134120.0
2,1561134060.0
2,1561134000.0
2,1561133940.0
2,1561133880.0
2,1561133820.0
2,1561133760.0
2,1561133700.0
2,1561133640.0
2,1561133580.0
2,1561133520.0
2,1561133460.0
2,1561133400.0
2,1561133340.0
2,1561133280.0
2,1561133220.0
2,1561133160.0
2,1561133100.0
2,1561133040.0
2,1561132980.0
2,1561132920.0
2,1561132860.0
2,1561132800.0
2,1561132740.0
2,1561132680.0
2,1561132620.0
2,1561132560.0
2,1561132500.0
2,1561132440.0
2,1561132380.0
2,1561132320.0
2,1561132260.0
2,1561132200.0
2,1561132140.0
2,1561132080.0
2,1561132020.0
2,1561131960.0
2,1561131900.0
2,1561131840.0
2,1561131780.0
2,1561131720.0
2,1561131660.0
2,1561131600.0
2,1561131540.0
2,1561131480.0
2,1561131420.0
2,1561131360.0
2,1561131300.0
2,1561131240.0
2,1561131180.0
2,1561131120.0
2,1561131060.0
2,1561138200.0
2,1561138140.0
2,1561138080.0
2,1561138020.0
2,1561137960.0
2,1561137900.0
2,1561137840.0
2,1561137780.0
2,1561137720.0
2,1561137660.0
2,1561137600.0
2,1561137540.0
2,1561137480.0
2,1561137420.0
2,1561137360.0
2,1561137300.0
2,1561137240.0
2,1561137180.0
2,1561137120.0
2,1561137060.0
2,1561137000.0
2,1561136940.0
2,1561136880.0
2,1561136820.0
2,1561136760.0
2,1561136700.0
2,1561136640.0
2,1561136580.0
2,1561136520.0
2,1561136460.0
2,1561136400.0
2,1561136340.0
2,1561136280.0
2,1561136220.0
2,1561136160.0
2,1561136100.0
2,1561136040.0
2,1561135980.0
2,1561135920.0
2,1561135860.0
2,1561135800.0
2,1561135740.0
2,1561135680.0
2,1561135620.0
2,1561135560.0
2,1561135500.0
2,1561135440.0
2,1561135380.0
2,1561135320.0
2,1561135260.0
2,1561135200.0
2,1561135140.0
2,1561135080.0
2,1561135020.0
2,1561134960.0
2,1561134900.0
2,1561134840.0
2,1561134780.0
2,1561134720.0
2,1561134660.0
2,1561145400.0
2,1561145340.0
2,1561145280.0
2,1561145220.0
2,1561145160.0
2,1561145100.0
2,1561145040.0
2,1561144980.0
2,1561144920.0
2,1561144860.0
2,1561144800.0
2,1561144740.0
2,1561144680.0
2,1561144620.0
2,1561144560.0
2,1561144500.0
2,1561144440.0
2,1561144380.0
2,1561144320.0
2,1561144260.0
2,1561144200.0
2,1561144140.0
2,1561144080.0
2,1561144020.0
2,1561143960.0
2,1561143900.0
2,1561143840.0
2,1561143780.0
2,1561143720.0
2,1561143660.0
2,1561143600.0
2,1561143540.0
2,1561143480.0
2,1561143420.0
2,1561143360.0
2,1561143300.0
2,1561143240.0
2,1561143180.0
2,1561143120.0
2,1561143060.0
2,1561143000.0
2,1561142940.0
2,1561142880.0
2,1561142820.0
2,1561142760.0
2,1561142700.0
2,1561142640.0
2,1561142580.0
2,1561142520.0
2,1561142460.0
2,1561142400.0
2,1561142340.0
2,1561142280.0
2,1561142220.0
2,1561142160.0
2,1561142100.0
2,1561142040.0
2,1561141980.0
2,1561141920.0
2,1561141860.0
2,1561147200.0
2,1561147140.0
2,1561147080.0
2,1561147020.0
2,1561146960.0
2,1561146900.0
2,1561146840.0
2,1561146780.0
2,1561146720.0
2,1561146660.0
2,1561146600.0
2,1561146540.0
2,1561146480.0
2,1561146420.0
2,1561146360.0
2,1561146300.0
2,1561146240.0
2,1561146180.0
2,1561146120.0
2,1561146060.0
2,1561146000.0
2,1561145940.0
2,1561145880.0
2,1561145820.0
2,1561145760.0
2,1561145700.0
2,1561145640.0
2,1561145580.0
2,1561145520.0
2,1561145460.0
2,1561145400.0
2,1561145340.0
2,1561145280.0
2,1561145220.0
2,1561145160.0
2,1561145100.0
2,1561145040.0
2,1561144980.0
2,1561144920.0
2,1561144860.0
2,1561144800.0
2,1561144740.0
2,1561144680.0
2,1561144620.0
2,1561144560.0
2,1561144500.0
2,1561144440.0
2,1561144380.0
2,1561144320.0
2,1561144260.0
2,1561144200.0
2,1561144140.0
2,1561144080.0
2,1561144020.0
2,1561143960.0
2,1561143900.0
2,1561143840.0
2,1561143780.0
2,1561143720.0
2,1561143660.0
